task	model_slug	config_path	required_tpe_dir
analogy	qwen3_8b	experiments/llm_sentences_last_layer/configs/analogy/qwen3_8b.gin	experiments/llm_sentences_last_layer/checkpoints/tpe/qwen3_8b/best_model
probe	qwen3_8b	experiments/llm_sentences_last_layer/configs/probe/qwen3_8b.gin	experiments/llm_sentences_last_layer/checkpoints/tpe/qwen3_8b/best_model
sae	qwen3_8b	experiments/llm_sentences_last_layer/configs/sae/qwen3_8b.gin	experiments/llm_sentences_last_layer/checkpoints/tpe/qwen3_8b/best_model
analogy	olmo_13b	experiments/llm_sentences_last_layer/configs/analogy/olmo_13b.gin	experiments/llm_sentences_last_layer/checkpoints/tpe/olmo_13b/best_model
probe	olmo_13b	experiments/llm_sentences_last_layer/configs/probe/olmo_13b.gin	experiments/llm_sentences_last_layer/checkpoints/tpe/olmo_13b/best_model
sae	olmo_13b	experiments/llm_sentences_last_layer/configs/sae/olmo_13b.gin	experiments/llm_sentences_last_layer/checkpoints/tpe/olmo_13b/best_model
analogy	gpt_oss_20b	experiments/llm_sentences_last_layer/configs/analogy/gpt_oss_20b.gin	experiments/llm_sentences_last_layer/checkpoints/tpe/gpt_oss_20b/best_model
probe	gpt_oss_20b	experiments/llm_sentences_last_layer/configs/probe/gpt_oss_20b.gin	experiments/llm_sentences_last_layer/checkpoints/tpe/gpt_oss_20b/best_model
sae	gpt_oss_20b	experiments/llm_sentences_last_layer/configs/sae/gpt_oss_20b.gin	experiments/llm_sentences_last_layer/checkpoints/tpe/gpt_oss_20b/best_model
