run_id	model_slug	config_path	seed	results_dir	checkpoint_dir
qwen3_8b_seed13	qwen3_8b	experiments/llm_sentences_last_layer/configs/probe/qwen3_8b.gin	13	experiments/llm_sentences_last_layer/results/probe_seed_check/qwen3_8b_seed13	experiments/llm_sentences_last_layer/checkpoints/probe_seed_check/qwen3_8b_seed13
qwen3_8b_seed42	qwen3_8b	experiments/llm_sentences_last_layer/configs/probe/qwen3_8b.gin	42	experiments/llm_sentences_last_layer/results/probe_seed_check/qwen3_8b_seed42	experiments/llm_sentences_last_layer/checkpoints/probe_seed_check/qwen3_8b_seed42
qwen3_8b_seed101	qwen3_8b	experiments/llm_sentences_last_layer/configs/probe/qwen3_8b.gin	101	experiments/llm_sentences_last_layer/results/probe_seed_check/qwen3_8b_seed101	experiments/llm_sentences_last_layer/checkpoints/probe_seed_check/qwen3_8b_seed101
olmo_13b_seed13	olmo_13b	experiments/llm_sentences_last_layer/configs/probe/olmo_13b.gin	13	experiments/llm_sentences_last_layer/results/probe_seed_check/olmo_13b_seed13	experiments/llm_sentences_last_layer/checkpoints/probe_seed_check/olmo_13b_seed13
olmo_13b_seed42	olmo_13b	experiments/llm_sentences_last_layer/configs/probe/olmo_13b.gin	42	experiments/llm_sentences_last_layer/results/probe_seed_check/olmo_13b_seed42	experiments/llm_sentences_last_layer/checkpoints/probe_seed_check/olmo_13b_seed42
olmo_13b_seed101	olmo_13b	experiments/llm_sentences_last_layer/configs/probe/olmo_13b.gin	101	experiments/llm_sentences_last_layer/results/probe_seed_check/olmo_13b_seed101	experiments/llm_sentences_last_layer/checkpoints/probe_seed_check/olmo_13b_seed101
gpt_oss_20b_seed13	gpt_oss_20b	experiments/llm_sentences_last_layer/configs/probe/gpt_oss_20b.gin	13	experiments/llm_sentences_last_layer/results/probe_seed_check/gpt_oss_20b_seed13	experiments/llm_sentences_last_layer/checkpoints/probe_seed_check/gpt_oss_20b_seed13
gpt_oss_20b_seed42	gpt_oss_20b	experiments/llm_sentences_last_layer/configs/probe/gpt_oss_20b.gin	42	experiments/llm_sentences_last_layer/results/probe_seed_check/gpt_oss_20b_seed42	experiments/llm_sentences_last_layer/checkpoints/probe_seed_check/gpt_oss_20b_seed42
gpt_oss_20b_seed101	gpt_oss_20b	experiments/llm_sentences_last_layer/configs/probe/gpt_oss_20b.gin	101	experiments/llm_sentences_last_layer/results/probe_seed_check/gpt_oss_20b_seed101	experiments/llm_sentences_last_layer/checkpoints/probe_seed_check/gpt_oss_20b_seed101
